{"cameraMode":{"drawMode":0,"name":"Shaded","section":"Shading Mode"},"sceneLighting":true,"audioPlay":false,"sceneViewState":{"showFog":true,"showMaterialUpdate":false,"showSkybox":true,"showFlares":true,"showImageEffects":true,"showParticleSystems":true},"in2DMode":false,"pivot":{"x":-16.74795913696289,"y":-0.3613324761390686,"z":8.610447883605957},"rotation":{"x":-0.08924439549446106,"y":0.3706780672073364,"z":-0.035810746252536777,"w":-0.9237698912620544},"size":41.544586181640628,"orthographic":false}