{"cameraMode":{"drawMode":0,"name":"Shaded","section":"Shading Mode"},"sceneLighting":false,"audioPlay":false,"sceneViewState":{"showFog":true,"showMaterialUpdate":false,"showSkybox":true,"showFlares":true,"showImageEffects":true,"showParticleSystems":true},"in2DMode":false,"pivot":{"x":26.202838897705079,"y":-12.075033187866211,"z":27.274967193603517},"rotation":{"x":-0.17029228806495667,"y":-0.386661171913147,"z":0.07288389652967453,"w":-0.90342777967453},"size":105.10955810546875,"orthographic":false}