{"cameraMode":{"drawMode":0,"name":"Shaded","section":"Shading Mode"},"sceneLighting":false,"audioPlay":false,"sceneViewState":{"showFog":true,"showMaterialUpdate":false,"showSkybox":true,"showFlares":true,"showImageEffects":true,"showParticleSystems":true},"in2DMode":false,"pivot":{"x":71.22000885009766,"y":-50.168365478515628,"z":39.84202194213867},"rotation":{"x":-0.2384382039308548,"y":-0.4825403094291687,"z":0.13839590549468995,"w":-0.831353485584259},"size":113.14290618896485,"orthographic":false}