{"cameraMode":{"drawMode":0,"name":"Shaded","section":"Shading Mode"},"sceneLighting":false,"audioPlay":false,"sceneViewState":{"showFog":true,"showMaterialUpdate":false,"showSkybox":true,"showFlares":true,"showImageEffects":true,"showParticleSystems":true},"in2DMode":false,"pivot":{"x":14.562225341796875,"y":2.9572019577026369,"z":7.739131450653076},"rotation":{"x":0.07526618242263794,"y":0.6675639748573303,"z":0.06811974197626114,"w":-0.7375994920730591},"size":34.633148193359378,"orthographic":false}